﻿<?xml version="1.0" encoding="utf-8" ?>
<DocumentElement>
	<Shebalist>
		<Name> </Name>
		<Sheba>لطفا انتخاب کنید</Sheba>
	</Shebalist>
   <!--Main web service-->
	<!--به صورت اتوماتیک خودش از سرور های شرکت میخواند -->
	<!--<BaseAddress >
		<payment>https://ikc.shaparak.ir/iuiv3/IPG/Index</payment>
		  <token>https://ikc.shaparak.ir/api/v3/tokenization/make</token>
		 <verify>https://ikc.shaparak.ir/api/v3/confirmation/purchase</verify>
		<inquery>https://ikc.shaparak.ir/api/v3/inquiry/single</inquery>
		
	</BaseAddress>-->
	
	<!--از سرور هایی که خودمون مشخص می کنیم برای تست می خواند -->

	<BaseAddress >
		<payment>     http://172.16.61.13/iuiv3/IPG/Index</payment>
		<token>       http://172.16.61.13:8080/api/v3/tokenization/make</token>
		<verify>      http://172.16.61.13:8081/api/v3/confirmation/purchase</verify>
		<inquery>     http://172.16.61.13:8585/api/v3/inquiry/single</inquery>
		<Revsrse>     http://172.16.61.13:8081/api/v3/asanconfirmation/reversePurchase</Revsrse>

	</BaseAddress>




	<IPGData>

		
		<TreminalId>02009898</TreminalId>
		<AcceptorId>992180002009898</AcceptorId>
		<PassPhrase>F23DC29B31A59ECB</PassPhrase>
		<URL>http://localhost:59303/verifypage.aspx</URL>
		<RSAPublicKey>-----BEGIN PUBLIC KEY-----
			MIGfMA0GCSqGSIb3DQEBAQUAA4GNADCBiQKBgQCluwJqxVspFIgX5j82vs2g+7BT
			xdLWm+M3fKUoII7N/1737OxTdpK957qeZ1d7ZExfgmLDPrx7DOGUsF7p8QYddUMt
			lLz0pKE5lSEJkoGu+CxrZzls3PfKoUtzizpTRQiAs+TDorREiK6Zp0oHA8MzxBEM
			2d6HIwOT/IAO6UC+CQIDAQAB
			-----END PUBLIC KEY-----</RSAPublicKey>
		<CmsPreservationId></CmsPreservationId>
	</IPGData>

</DocumentElement>